company_id,tag
9, 태그_11
9, 태그_21
9, tag_11
9, tag_21
9, タグ_11
9, タグ_21
10, 태그_2
10, 태그_16
10, tag_2
10, tag_16
10, タグ_2
10, タグ_16
11, 태그_13
11, 태그_5
11, 태그_12
11, tag_13
11, tag_5
11, tag_12
11, タグ_13
11, タグ_5
11, タグ_12
12, 태그_19
12, tag_19
12, タグ_19
13, 태그_23
13, 태그_11
13, 태그_15
13, tag_23
13, tag_11
13, tag_15
13, タグ_23
13, タグ_11
13, タグ_15
14, 태그_27
14, 태그_5
14, 태그_26
14, tag_27
14, tag_5
14, tag_26
14, タグ_27
14, タグ_5
14, タグ_26
15, 태그_10
15, 태그_2
15, 태그_21
15, 태그_24
15, tag_10
15, tag_2
15, tag_21
15, tag_24
15, タグ_10
15, タグ_2
15, タグ_21
15, タグ_24
16, 태그_7
16, 태그_23
16, 태그_28
16, tag_7
16, tag_23
16, tag_28
16, タグ_7
16, タグ_23
16, タグ_28
17, 태그_14
17, 태그_29
17, 태그_6
17, tag_14
17, tag_29
17, tag_6
17, タグ_14
17, タグ_29
17, タグ_6
18, 태그_12
18, 태그_2
18, tag_12
18, tag_2
18, タグ_12
18, タグ_2
19, 태그_13
19, 태그_19
19, tag_13
19, tag_19
19, タグ_13
19, タグ_19
20, 태그_21
20, 태그_30
20, 태그_12
20, 태그_28
20, tag_21
20, tag_30
20, tag_12
20, tag_28
20 ,タグ_21
20, タグ_30
20, タグ_12
20, タグ_28
21, 태그_7
21, 태그_19
21, 태그_12
21, 태그_17
21, tag_7
21, tag_19
21, tag_12
21, tag_17
21, タグ_7
21, タグ_19
21, タグ_12
21, タグ_17
22, 태그_1
22, 태그_9
22, 태그_17
22, 태그_14
22, tag_1
22, tag_9
22, tag_17
22, tag_14
22, タグ_1
22, タグ_9
22, タグ_17
22, タグ_14
23, 태그_6
23, tag_6
23, タグ_6
24, 태그_26
24, tag_26
24, タグ_26
25, 태그_28
25, 태그_25
25, 태그_7
25, 태그_13
25, tag_28
25, tag_25
25, tag_7
25, tag_13
25, タグ_28
25, タグ_25
25, タグ_7
25, タグ_13
26, 태그_2
26, 태그_8
26, 태그_22
26, 태그_27
26, tag_2
26, tag_8
26, tag_22
26, tag_27
26, タグ_2
26, タグ_8
26, タグ_22
26, タグ_27
27, 태그_27
27, 태그_6
27, 태그_11
27, tag_27
27, tag_6
27, tag_11
27, タグ_27
27, タグ_6
27, タグ_11
28, 태그_24
28, 태그_23
28, 태그_26
28, 태그_29
28, tag_24
28, tag_23
28, tag_26
28, tag_29
28, タグ_24
28, タグ_23
28, タグ_26
28, タグ_29
29, 태그_12
29, 태그_6
29, 태그_8
29, tag_12
29, tag_6
29, tag_8
29, タグ_12
29, タグ_6
29, タグ_8
30, 태그_30
30, 태그_17
30, 태그_18
30, tag_30
30, tag_17
30, tag_18
30, タグ_30
30, タグ_17
30, タグ_18
31, 태그_17
32, 태그_27
33, 태그_28
34, 태그_6
34, tag_17
34, tag_27
34, tag_28
34, tag_6
34, タグ_17
34, タグ_27
34, タグ_28
34, タグ_6
35, 태그_2
35, 태그_18
35, tag_2
35, tag_18
35, タグ_2
35, タグ_18
36, 태그_26
36, tag_26
36, タグ_26
37, 태그_11
37, 태그_17
37, 태그_7
37, 태그_14
37, tag_11
37, tag_17
37, tag_7
37, tag_14
37, タグ_11
37, タグ_17
37, タグ_7
37, タグ_14
38, 태그_10
38, 태그_3
38, tag_10
38, tag_3
38, タグ_10
38, タグ_3
39, 태그_18
39, 태그_17
39, 태그_4
39, 태그_14
39, tag_18
39, tag_17
39, tag_4
39, tag_14
39, タグ_18
39, タグ_17
39, タグ_4
39, タグ_14
